Sequence,Alpha_v,Epsilon_v,Zeta_H,Zeta_L,Beta_p,Epsilon_p,Zeta_p,Entropy_Norm_Min,Pose_Chi2_Norm_Min,Culled_Norm_Min,W_THR,D_THR,Activation_Function,Adaptive,RMSE_Quaternion_Angular_Deg,RMSE_Euler_Deg,RMSE_Velocity,RMSE_Position,RMSE_Accel_Bias,RMSE_Gyro_Bias
MH04,5,2,1,0,1,1,1,0,1,0,0.25,0.99,casef (s=3.0),False,0.6124579941375261,[0.77773797 0.16470552 0.78023344],[0.26576101 0.30195361 0.17723885],[0.26357811 0.34954028 0.36336562],[0.00050942 0.00030581 0.0003657 ],[1.22441424e-04 4.97445560e-05 1.41298463e-04]
MH05,5,2,1,0,1,1,1,0,1,0,0.25,0.99,casef (s=3.0),False,2.040216987334733,[0.41426574 0.46345326 2.0402224 ],[0.14898547 0.21052285 0.14240389],[0.19673025 0.40655299 0.1022585 ],[0.00055616 0.00015525 0.00053772],[3.93363657e-04 6.61937231e-05 1.73304741e-04]
MH03,5,2,1,0,1,1,1,0,1,0,0.25,0.99,casef (s=3.0),False,1.3925320743115623,[0.61915978 0.15650807 1.40381004],[0.0991974  0.11659346 0.18320681],[0.11989897 0.1207537  0.18228983],[0.00107546 0.00028856 0.00014365],[0.00023325 0.00013131 0.00011646]
MH02,5,2,1,0,1,1,1,0,1,0,0.25,0.99,casef (s=3.0),False,0.8705184243694506,[1.61541652 0.38525859 1.61589739],[0.08294691 0.06438083 0.10627759],[0.0597787  0.07063619 0.04657573],[0.00017551 0.0003439  0.00025208],[0.0002153  0.00017084 0.00021765]
MH01,5,2,1,0,1,1,1,0,1,0,0.25,0.99,casef (s=3.0),False,4.286602384497034,[2.29127868 0.50742749 5.20988642],[0.30479596 0.29092179 0.20398605],[0.19144661 0.23800952 0.17562109],[0.0007017  0.00104197 0.00086782],[0.00056728 0.00015782 0.00032934]
