Sequence,Alpha_v,Epsilon_v,Zeta_H,Zeta_L,Beta_p,Epsilon_p,Zeta_p,Entropy_Norm_Min,Pose_Chi2_Norm_Min,Culled_Norm_Min,W_THR,D_THR,Activation_Function,Adaptive,RMSE_Quaternion_Angular_Deg,RMSE_Euler_Deg,RMSE_Velocity,RMSE_Position,RMSE_Accel_Bias,RMSE_Gyro_Bias
MH04,5,2,1,0,1,1,1,0,1,0,0.25,0.99,casef (s=3.0),False,2.397613992370501,[0.9007817  0.15262094 2.91165524],[0.2658839  0.30209339 0.17723787],[0.26355175 0.3494666  0.36332031],[0.00051736 0.00033112 0.00022356],[0.0015785  0.00028387 0.00102257]
MH05,5,2,1,0,1,1,1,0,1,0,0.25,0.99,casef (s=3.0),False,10.0392912235571,[ 1.01187342  0.49950549 10.14509813],[0.15105331 0.21109401 0.14239266],[0.19807954 0.40732847 0.10223545],[0.00133825 0.00071054 0.00071456],[0.00408331 0.00058465 0.00163473]
MH03,5,2,1,0,1,1,1,0,1,0,0.25,0.99,casef (s=3.0),False,3.4403340776894153,[0.56430354 0.14584814 3.49356066],[0.09951028 0.11695911 0.18321511],[0.11998949 0.12069769 0.18229608],[0.00129897 0.00031722 0.0001635 ],[0.00144949 0.00031064 0.000689  ]
MH02,5,2,1,0,1,1,1,0,1,0,0.25,0.99,casef (s=3.0),False,2.1896490599215688,[1.74477647 0.32018283 2.6135269 ],[0.08319878 0.06386058 0.10627619],[0.05995344 0.06955649 0.0465485 ],[0.0002173  0.00022355 0.0003147 ],[0.0010695  0.00041684 0.00048599]
MH01,5,2,1,0,1,1,1,0,1,0,0.25,0.99,casef (s=3.0),False,21.070255996978837,[ 1.31786588  0.52587118 21.49436767],[0.30596001 0.2919964  0.20408018],[0.19107518 0.23618074 0.17543669],[0.00487951 0.00039112 0.00225276],[0.00975259 0.00093735 0.0039742 ]
